"student_name","parent_name"
"Joy Obi","Mr Obi"
"Joy Obi","Mr Obi"
"Joy Obi","Mr Obi"
"Charles Ojo","Mrs Ojo"
"Charles Ojo","Mrs Ojo"
"Ayomide Raji","Mr Raji"
"Ayomide Raji","Mr Raji"
"Ayomide Raji","Mr Raji"
"Gem Ojo","Mr. Ojo"
"Gem Ojo","Mr. Ojo"
"Gem Ojo","Mr. Ojo"
"Gem Ojo","Mr. Ojo"
"Gem Ojo","Mr. Ojo"
"Gem Ojo","Mr. Ojo"
"Gem Ojo","Mr. Ojo"
"Gem Ojo","Mr. Ojo"
"Gem Ojo","Mr. Ojo"
"Rose Eze","Mrs Eze"
"Rose Eze","Mrs Eze"
"Tini Taiwo","Mrs Taiwo"
"Tini Taiwo","Mrs Taiwo"
"Tini Taiwo","Mrs Taiwo"
"Noxy Okafor","Mrs Okafor"
"Noxy Okafor","Mrs Okafor"
"Noxy Okafor","Mrs Okafor"
"Noxy Okafor","Mrs Okafor"
"Noxy Okafor","Mrs Okafor"
"Noxy Okafor","Mrs Okafor"
"Noxy Okafor","Mrs Okafor"
"Noxy Okafor","Mrs Okafor"
"Noxy Okafor","Mrs Okafor"
"Noxy Okafor","Mrs Okafor"
"Young Usman","Mrs Usman"
"Young Usman","Mrs Usman"
"Young Usman","Mrs Usman"
"Young Usman","Mrs Usman"
"Young Usman","Mrs Usman"
"Young Usman","Mrs Usman"
"Young Usman","Mrs Usman"
"Young Usman","Mrs Usman"
"Young Usman","Mrs Usman"
"Young Usman","Mrs Usman"
"Ikeora Amusan","Mr Amusan"
"Ikeora Amusan","Mr Amusan"
"Ikeora Amusan","Mr Amusan"
"Ikeora Amusan","Mr Amusan"
"Ikeora Amusan","Mr Amusan"
"Ikeora Amusan","Mr Amusan"
"Ikeora Amusan","Mr Amusan"
"Ikeora Amusan","Mr Amusan"
"Ikeora Amusan","Mr Amusan"
"Ikeora Amusan","Mr Amusan"
"Fisayo Usman","Mr. Usman"
"Fisayo Usman","Mr. Usman"
"Fisayo Usman","Mr. Usman"
"Fisayo Usman","Mr. Usman"
"Fisayo Usman","Mr. Usman"
"Fisayo Usman","Mr. Usman"
"Fisayo Usman","Mr. Usman"
"Fisayo Usman","Mr. Usman"
"Fisayo Usman","Mr. Usman"
"Fisayo Usman","Mr. Usman"
"Diepreye Okeke","Misses Okeke"
"Diepreye Okeke","Misses Okeke"
"Diepreye Okeke","Misses Okeke"
"Diepreye Okeke","Misses Okeke"
"Diepreye Okeke","Misses Okeke"
"Diepreye Okeke","Misses Okeke"
"Diepreye Okeke","Misses Okeke"
"Diepreye Okeke","Misses Okeke"
"Diepreye Okeke","Misses Okeke"
"Diepreye Okeke","Misses Okeke"
"Diana Rajiovitch","Mrs Rajiovitch"
"Diana Rajiovitch","Mrs Rajiovitch"
"Diana Rajiovitch","Mrs Rajiovitch"
"Diana Rajiovitch","Mrs Rajiovitch"
"Diana Rajiovitch","Mrs Rajiovitch"
"Diana Rajiovitch","Mrs Rajiovitch"
"Diana Rajiovitch","Mrs Rajiovitch"
"Diana Rajiovitch","Mrs Rajiovitch"
"Diana Rajiovitch","Mrs Rajiovitch"
"Diana Rajiovitch","Mrs Rajiovitch"
"Monday Ojo","Mr. Ojo"
"Monday Ojo","Mr. Ojo"
"Monday Ojo","Mr. Ojo"
"Monday Ojo","Mr. Ojo"
"Monday Ojo","Mr. Ojo"
"Monday Ojo","Mr. Ojo"
"Monday Ojo","Mr. Ojo"
"Monday Ojo","Mr. Ojo"
"Monday Ojo","Mr. Ojo"
"Monday Ojo","Mr. Ojo"
"Jasmine Akinyemi","Mr Akinyemi"
"Jasmine Akinyemi","Mr Akinyemi"
"Jasmine Akinyemi","Mr Akinyemi"
"Jasmine Akinyemi","Mr Akinyemi"
"Jasmine Akinyemi","Mr Akinyemi"
"Jasmine Akinyemi","Mr Akinyemi"
"Jasmine Akinyemi","Mr Akinyemi"
"Jasmine Akinyemi","Mr Akinyemi"
